{"time":0.06368061299963301,"image":{"width":1080,"height":1920},"predictions":[{"x":566.5,"y":781.0,"width":209.0,"height":144.0,"confidence":0.8472195863723755,"class":"multimetre-screen"}]}